INSERT INTO NODE_INFO (ID, NODE_PATH, NODE_NAME, PARENT_ID) VALUES (1, 'ROOT', 'ROOT', null);
INSERT INTO NODE_INFO (ID, NODE_PATH, NODE_NAME, PARENT_ID) VALUES (101, 'ROOT1', 'ROOT1', 1);
INSERT INTO NODE_INFO (ID, NODE_PATH, NODE_NAME, PARENT_ID) VALUES (102, 'ROOT2', 'ROOT2', 1);
INSERT INTO NODE_INFO (ID, NODE_PATH, NODE_NAME, PARENT_ID) VALUES (103, 'ROOT3', 'ROOT3', 1);
INSERT INTO NODE_INFO (ID, NODE_PATH, NODE_NAME, PARENT_ID) VALUES (104, 'ROOT1|NODE1', 'NODE1', 101);
INSERT INTO NODE_INFO (ID, NODE_PATH, NODE_NAME, PARENT_ID) VALUES (105, 'ROOT1|NODE2', 'NODE2', 101);
INSERT INTO NODE_INFO (ID, NODE_PATH, NODE_NAME, PARENT_ID) VALUES (106, 'ROOT1|NODE3', 'NODE3', 101);
INSERT INTO NODE_INFO (ID, NODE_PATH, NODE_NAME, PARENT_ID) VALUES (107, 'ROOT1|NODE1|NODE1-1', 'NODE1-1', 104);
INSERT INTO NODE_INFO (ID, NODE_PATH, NODE_NAME, PARENT_ID) VALUES (108, 'ROOT1|NODE1|NODE1-2', 'NODE1-2', 104);
INSERT INTO NODE_INFO (ID, NODE_PATH, NODE_NAME, PARENT_ID) VALUES (109, 'ROOT1|NODE1|NODE2-1', 'NODE2-1', 105);

INSERT INTO SENSOR_INFO (ID, SENSOR_NAME) VALUES (101, 'SENSOR1');
INSERT INTO SENSOR_INFO (ID, SENSOR_NAME) VALUES (102, 'SENSOR2');
INSERT INTO SENSOR_INFO (ID, SENSOR_NAME) VALUES (103, 'SENSOR3');
INSERT INTO SENSOR_INFO (ID, SENSOR_NAME) VALUES (104, 'SENSOR4');
INSERT INTO SENSOR_INFO (ID, SENSOR_NAME) VALUES (105, 'SENSOR5');
INSERT INTO SENSOR_INFO (ID, SENSOR_NAME) VALUES (106, 'SENSOR6');
INSERT INTO SENSOR_INFO (ID, SENSOR_NAME) VALUES (107, 'SENSOR7');
INSERT INTO SENSOR_INFO (ID, SENSOR_NAME) VALUES (108, 'SENSOR8');
INSERT INTO SENSOR_INFO (ID, SENSOR_NAME) VALUES (109, 'SENSOR9');
INSERT INTO SENSOR_INFO (ID, SENSOR_NAME) VALUES (110, 'SENSOR10');

INSERT INTO NODE_SENSOR_MAP (ID, NODE_ID, SENSOR_ID) VALUES (101, 101, 101);
INSERT INTO NODE_SENSOR_MAP (ID, NODE_ID, SENSOR_ID) VALUES (102, 101, 102);
INSERT INTO NODE_SENSOR_MAP (ID, NODE_ID, SENSOR_ID) VALUES (103, 102, 103);
INSERT INTO NODE_SENSOR_MAP (ID, NODE_ID, SENSOR_ID) VALUES (104, 102, 104);
INSERT INTO NODE_SENSOR_MAP (ID, NODE_ID, SENSOR_ID) VALUES (105, 104, 105);
INSERT INTO NODE_SENSOR_MAP (ID, NODE_ID, SENSOR_ID) VALUES (106, 105, 106);
INSERT INTO NODE_SENSOR_MAP (ID, NODE_ID, SENSOR_ID) VALUES (107, 106, 107);
INSERT INTO NODE_SENSOR_MAP (ID, NODE_ID, SENSOR_ID) VALUES (108, 107, 108);
INSERT INTO NODE_SENSOR_MAP (ID, NODE_ID, SENSOR_ID) VALUES (109, 108, 109);
INSERT INTO NODE_SENSOR_MAP (ID, NODE_ID, SENSOR_ID) VALUES (110, 109, 110);
