INSERT INTO NODE_INFO (ID, NODE_PATH, NODE_NAME, PARENT_ID) VALUES (1, 'ROOT', 'ROOT', null);
INSERT INTO NODE_INFO (ID, NODE_PATH, NODE_NAME, PARENT_ID) VALUES (101, 'ROOT1', 'ROOT1', 1);
INSERT INTO NODE_INFO (ID, NODE_PATH, NODE_NAME, PARENT_ID) VALUES (102, 'ROOT2', 'ROOT2', 1);
INSERT INTO NODE_INFO (ID, NODE_PATH, NODE_NAME, PARENT_ID) VALUES (103, 'ROOT3', 'ROOT3', 1);
INSERT INTO NODE_INFO (ID, NODE_PATH, NODE_NAME, PARENT_ID) VALUES (104, 'ROOT1|NODE1', 'NODE1', 101);
INSERT INTO NODE_INFO (ID, NODE_PATH, NODE_NAME, PARENT_ID) VALUES (105, 'ROOT1|NODE2', 'NODE2', 101);
INSERT INTO NODE_INFO (ID, NODE_PATH, NODE_NAME, PARENT_ID) VALUES (106, 'ROOT1|NODE3', 'NODE3', 101);
INSERT INTO NODE_INFO (ID, NODE_PATH, NODE_NAME, PARENT_ID) VALUES (107, 'ROOT1|NODE1|NODE1-1', 'NODE1-1', 104);
INSERT INTO NODE_INFO (ID, NODE_PATH, NODE_NAME, PARENT_ID) VALUES (108, 'ROOT1|NODE1|NODE1-2', 'NODE1-2', 104);
INSERT INTO NODE_INFO (ID, NODE_PATH, NODE_NAME, PARENT_ID) VALUES (109, 'ROOT1|NODE1|NODE2-1', 'NODE2-1', 105);

INSERT INTO NODE_INFO (ID, NODE_PATH, NODE_NAME, PARENT_ID) VALUES (110, 'ROOT1|NODE1|NODE1-1|NODE1-1-1', 'NODE1-1-1', 107);
INSERT INTO NODE_INFO (ID, NODE_PATH, NODE_NAME, PARENT_ID) VALUES (111, 'ROOT1|NODE1|NODE1-1|NODE1-1-1|NODE1-1-1-1', 'NODE1-1-1-1', 107);
INSERT INTO NODE_INFO (ID, NODE_PATH, NODE_NAME, PARENT_ID) VALUES (112, 'ROOT1|NODE1|NODE1-1|NODE1-1-1|NODE1-1-1-1|NODE1-1-1-1-1', 'NODE1-1-1-1-1', 107);
INSERT INTO NODE_INFO (ID, NODE_PATH, NODE_NAME, PARENT_ID) VALUES (113, 'ROOT1|NODE1|NODE1-1|NODE1-1-1|NODE1-1-1-1|NODE1-1-1-1-1|NODE1-1-1-1-1-1', 'NODE1-1-1-1-1-1', 107);
INSERT INTO NODE_INFO (ID, NODE_PATH, NODE_NAME, PARENT_ID) VALUES (114, 'ROOT1|NODE1|NODE1-1|NODE1-1-1|NODE1-1-1-1|NODE1-1-1-1-1|NODE1-1-1-1-1-1|NODE1-1-1-1-1-1-1', 'NODE1-1-1-1-1-1-1',107);
INSERT INTO NODE_INFO (ID, NODE_PATH, NODE_NAME, PARENT_ID) VALUES (115, 'ROOT1|NODE1|NODE1-1|NODE1-1-1|NODE1-1-1-1|NODE1-1-1-1-1|NODE1-1-1-1-1-1|NODE1-1-1-1-1-1-1|NODE1-1-1-1-1-1-1-1', 'NODE1-1-1-1-1-1-1-1', 107);

INSERT INTO SENSOR_INFO (ID, SENSOR_NAME) VALUES (101, 'SENSOR1');
INSERT INTO SENSOR_INFO (ID, SENSOR_NAME) VALUES (102, 'SENSOR2');
INSERT INTO SENSOR_INFO (ID, SENSOR_NAME) VALUES (103, 'SENSOR3');
INSERT INTO SENSOR_INFO (ID, SENSOR_NAME) VALUES (104, 'SENSOR4');
INSERT INTO SENSOR_INFO (ID, SENSOR_NAME) VALUES (105, 'SENSOR5');
INSERT INTO SENSOR_INFO (ID, SENSOR_NAME) VALUES (106, 'SENSOR6');
INSERT INTO SENSOR_INFO (ID, SENSOR_NAME) VALUES (107, 'SENSOR7');
INSERT INTO SENSOR_INFO (ID, SENSOR_NAME) VALUES (108, 'SENSOR8');
INSERT INTO SENSOR_INFO (ID, SENSOR_NAME) VALUES (109, 'SENSOR9');
INSERT INTO SENSOR_INFO (ID, SENSOR_NAME) VALUES (110, 'SENSOR10');
INSERT INTO SENSOR_INFO (ID, SENSOR_NAME) VALUES (111, 'SENSOR11');
INSERT INTO SENSOR_INFO (ID, SENSOR_NAME) VALUES (112, 'SENSOR12');
INSERT INTO SENSOR_INFO (ID, SENSOR_NAME) VALUES (113, 'SENSOR13');
INSERT INTO SENSOR_INFO (ID, SENSOR_NAME) VALUES (114, 'SENSOR14');
INSERT INTO SENSOR_INFO (ID, SENSOR_NAME) VALUES (115, 'SENSOR15');
INSERT INTO SENSOR_INFO (ID, SENSOR_NAME) VALUES (116, 'SENSOR16');
INSERT INTO SENSOR_INFO (ID, SENSOR_NAME) VALUES (117, 'SENSOR17');
INSERT INTO SENSOR_INFO (ID, SENSOR_NAME) VALUES (118, 'SENSOR18');
INSERT INTO SENSOR_INFO (ID, SENSOR_NAME) VALUES (119, 'SENSOR19');
INSERT INTO SENSOR_INFO (ID, SENSOR_NAME) VALUES (120, 'SENSOR20');

INSERT INTO NODE_SENSOR_MAP (NODE_ID, SENSOR_ID) VALUES (101, 101);
INSERT INTO NODE_SENSOR_MAP (NODE_ID, SENSOR_ID) VALUES (101, 102);
INSERT INTO NODE_SENSOR_MAP (NODE_ID, SENSOR_ID) VALUES (102, 103);
INSERT INTO NODE_SENSOR_MAP (NODE_ID, SENSOR_ID) VALUES (102, 104);
INSERT INTO NODE_SENSOR_MAP (NODE_ID, SENSOR_ID) VALUES (104, 105);
INSERT INTO NODE_SENSOR_MAP (NODE_ID, SENSOR_ID) VALUES (105, 106);
INSERT INTO NODE_SENSOR_MAP (NODE_ID, SENSOR_ID) VALUES (106, 107);
INSERT INTO NODE_SENSOR_MAP (NODE_ID, SENSOR_ID) VALUES (107, 108);
INSERT INTO NODE_SENSOR_MAP (NODE_ID, SENSOR_ID) VALUES (108, 109);
INSERT INTO NODE_SENSOR_MAP (NODE_ID, SENSOR_ID) VALUES (109, 110);

INSERT INTO NODE_SENSOR_MAP (NODE_ID, SENSOR_ID) VALUES (110, 111);
INSERT INTO NODE_SENSOR_MAP (NODE_ID, SENSOR_ID) VALUES (111, 112);
INSERT INTO NODE_SENSOR_MAP (NODE_ID, SENSOR_ID) VALUES (112, 113);
INSERT INTO NODE_SENSOR_MAP (NODE_ID, SENSOR_ID) VALUES (113, 114);
INSERT INTO NODE_SENSOR_MAP (NODE_ID, SENSOR_ID) VALUES (114, 115);
INSERT INTO NODE_SENSOR_MAP (NODE_ID, SENSOR_ID) VALUES (115, 116);
INSERT INTO NODE_SENSOR_MAP (NODE_ID, SENSOR_ID) VALUES (115, 117);
INSERT INTO NODE_SENSOR_MAP (NODE_ID, SENSOR_ID) VALUES (115, 118);
INSERT INTO NODE_SENSOR_MAP (NODE_ID, SENSOR_ID) VALUES (115, 119);
INSERT INTO NODE_SENSOR_MAP (NODE_ID, SENSOR_ID) VALUES (115, 120);
